国家计算机病毒应急处理中心监测发现13款违规移动应用,发布时间：2024-11-12 17:15:17,来源：新闻,https://news.cctv.com/2024/11/12/ARTIZ9G9Ok4GcMxqSmLBGT5P241112.shtml
13款移动App存在隐私不合规行为，涉及电商等领域,发布时间：2024-11-11 19:02:37,来源：新闻,https://news.cctv.com/2024/11/11/ARTISn4t3MIMYxYqr2df1GaU241111.shtml
国际青年“梦”聚创业港，长沙外贸再添新活力,发布时间：2024-11-08 20:53:44,来源：地方频道,https://local.cctv.com/2024/11/08/ARTIuFzR6DCeiI39s7qK6icK241108.shtml
肯尼亚白领爱穿中国内衣老字号的职业装？上天又出海，87岁三枪有新“枪”调,发布时间：2024-11-08 15:31:49,来源：时尚,https://style.cctv.com/2024/11/08/ARTIVvHskSoZYWX1m5faRVCp241108.shtml
今天，我们这样读懂科学家精神,发布时间：2024-11-08 15:31:20,来源：公益频道,https://gongyi.cctv.com/2024/11/08/ARTI9gWfTK807K5PdBCiBZLz241108.shtml
希望的田野上“丰”光无限好 “良机良法+订单化生产”鼓起农民“钱袋子”,发布时间：2024-11-06 16:39:10,来源：新闻,https://news.cctv.com/2024/11/06/ARTI0kafGqYh2xdoF399aEZM241106.shtml
颜选攻略 | PGG、BLAUPUNKT眼部按摩仪检出不达标，最新回应来了,发布时间：2024-11-06 11:15:22,来源：教育,https://edu.cctv.com/2024/11/06/ARTIUpcST4teHxgPFi9ByrQc241106.shtml
乳儿班 托小班如何让家长放心？,发布时间：2024-11-06 06:48:01,来源：新闻,https://news.cctv.com/2024/11/06/ARTIUnYyESZxsjRmDqSOFs2t241106.shtml
寻访三晋特色村,发布时间：2024-11-05 15:17:16,来源：新闻,https://news.cctv.com/2024/11/05/ARTIA8NessbFc0QbkxGmKLOV241105.shtml
李强同第七届中国国际进口博览会参展商、采购商代表座谈,发布时间：2024-11-05 09:38:07,来源：新闻,https://news.cctv.com/2024/11/05/ARTIG3qVpvYhdGSN0jiYzlYO241105.shtml
“融致远·视无界”车载视听主题交流活动在京举办,发布时间：2024-11-04 11:44:48,来源：汽车频道,https://auto.cctv.com/2024/11/04/ARTIBlrbVPMYXCVeCaE8d2S9241104.shtml
聊聊“正确的事”，WISE2024商业之王大会即将举办,发布时间：2024-11-01 10:03:35,来源：产业+,https://business.cctv.com/2024/11/01/ARTIl80xu3GTftwK43VH5jOQ241101.shtml
市场监管总局（国家标准委）批准发布一批重要国家标准,发布时间：2024-10-31 19:30:42,来源：新闻,https://news.cctv.com/2024/10/31/ARTIgnvmTJoJU8Eeq9WoYYY3241031.shtml
以旧换新“换”出加速度 拉动内需增长“跑”出新成效,发布时间：2024-10-30 07:01:17,来源：经济,https://jingji.cctv.com/2024/10/30/ARTI5LRkWfMVMHerhnShiZJd241030.shtml
人工智能想象在科幻文艺中的百年演变,发布时间：2024-10-26 08:07:13,来源：新闻,https://news.cctv.com/2024/10/26/ARTIODKKI4ISbYT41QDptv7g241026.shtml
引领地方特色美食飘香全国 盐边羊肉米线区域公用品牌在深圳发布,发布时间：2024-10-25 18:53:17,来源：经济,https://jingji.cctv.com/2024/10/25/ARTIgBimQQORm8959HHPFBHC241025.shtml
京津冀“以链为媒”打造协同新高地,发布时间：2024-10-25 13:15:41,来源：产业+,https://business.cctv.com/2024/10/25/ARTIqBdp7hnrroTldbZ4kpbz241025.shtml
京津冀“以链为媒”打造协同新高地,发布时间：2024-10-25 10:53:04,来源：经济,https://jingji.cctv.com/2024/10/25/ARTIdfe0ZNrH4AOQYhYlZd4a241025.shtml
今日霜降：养生保健有何要点？,发布时间：2024-10-23 19:27:14,来源：健康,https://jiankang.cctv.com/2024/10/23/ARTIjCDSegvJsDFxN2HoApi1241023.shtml
巧手制作，守护乡村味道（工匠绝活·乡村工匠③）,发布时间：2024-10-23 11:51:30,来源：乡村振兴,https://xczx.cctv.com/2024/10/23/ARTIBsdyHxqLVqNgIXmRph53241023.shtml
如何思变求新，构建良好高中教育新生态？——专访北京一零一中学党委书记、校长熊永昌,发布时间：2024-10-22 12:07:09,来源：教育,https://edu.cctv.com/2024/10/22/ARTIe3sETHf9Ksvv9b8t0L2j241021.shtml
一习话丨“农民会有更加火热的生活”,发布时间：2024-10-21 17:50:10,来源：新闻,https://news.cctv.com/2024/10/21/ARTIcltAnVzFK23gQDKx1ESx241021.shtml
逐渐回暖！9月份乘用车产销结束5个月连续下滑势头,发布时间：2024-10-21 09:46:27,来源：经济,https://jingji.cctv.com/2024/10/21/ARTIbJmRHRmoE8Ib00VnIdit241021.shtml
“硬核”数据见证我国巩固拓展脱贫攻坚成果“成绩单”,发布时间：2024-10-18 10:18:01,来源：新闻,https://news.cctv.com/2024/10/18/ARTImkNH7AoBDZEmG3FGlRD4241018.shtml
食堂建到家门口 就餐便利又省心,发布时间：2024-10-16 19:14:16,来源：健康,https://jiankang.cctv.com/2024/10/16/ARTINBe2uKeZAK11sxFBYe5R241016.shtml
打造产销直通新模式 河北净菜及邯郸品牌农产品走进北京,发布时间：2024-10-14 20:45:15,来源：新闻,https://news.cctv.com/2024/10/14/ARTIvv9pqYx2S9x9F3zZigsw241014.shtml
《探索·发现》节目预告：家乡至味2024（47）  10月15日播出,发布时间：2024-10-14 15:40:16,来源：CCTV-10科教频道,https://tv.cctv.com/2024/10/14/ARTIh7XVpr5mgOEAbZY5cmvP241014.shtml
全力铺好群众“出行路”“致富路”,发布时间：2024-10-14 10:43:25,来源：经济,https://jingji.cctv.com/2024/10/14/ARTIGKRuUTWc42rAvpq3rhZb241014.shtml
2024中国民营企业500强报告出炉：民企成科技创新重要主体  互联网行业研发投入领先,发布时间：2024-10-13 12:39:18,来源：经济,https://jingji.cctv.com/2024/10/13/ARTIwbpxT1uUnMbSx6rHVpLq241013.shtml
滚滚延河水 不尽为民情——从延安谱写奋进新篇感知“为人民服务”矢志不渝,发布时间：2024-10-12 10:44:41,来源：新闻,https://news.cctv.com/2024/10/12/ARTIeGaNkri4Mwt6bOP2LX98241012.shtml
同心致远！中央广播电视总台2025“品牌强国工程”发布,发布时间：2024-10-11 20:42:39,来源：总台之声,https://www.cctv.com/2024/10/11/ARTIgegeGXB7K8yu8ivNkvSo241011.shtml
激活“有效需求” 兴业银行聚力“两新”出新招打实招,发布时间：2024-10-10 16:45:29,来源：福建频道,https://local.cctv.com/2024/10/10/ARTIOfc22P5NURo069NU9m7G241010.shtml
“一粥一汤一茶饮”解秋燥,发布时间：2024-10-10 11:12:47,来源：健康,https://jiankang.cctv.com/2024/10/10/ARTIcfKQ00UbAJWnxHF2Hew2241009.shtml
辟谣！“数字人民币平台发放数字资产红利”系谣言,发布时间：2024-10-10 00:05:20,来源：新闻,https://news.cctv.com/2024/10/10/ARTIEamyWujO1PyL7dzUGer4241010.shtml
稻浪金黄、禾谷满仓 五彩农作绘就神州大地丰收画卷,发布时间：2024-10-09 16:27:04,来源：新闻,https://news.cctv.com/2024/10/09/ARTIZO1oKQxsY07UeWi2MYaD241009.shtml
“米袋子”“菜篮子”“果盘子”满满当当 希望的田野上一片好“丰”光,发布时间：2024-10-09 15:36:55,来源：新闻,https://news.cctv.com/2024/10/09/ARTIF8EUv5Hl60KTNP7OkkwI241009.shtml
以旧换新助力 车市“金九银十”销售火热,发布时间：2024-10-09 15:28:22,来源：财经,https://finance.cctv.com/2024/10/09/ARTIa4TpZ7xWlAHaqdhMsitt241009.shtml
国庆假期北京重点商圈客流量超过4500万人次,发布时间：2024-10-07 19:43:29,来源：经济,https://jingji.cctv.com/2024/10/07/ARTIQxzJ7ykozqzBqiwQyPN4241007.shtml
新乡村辉映新时代 好山河托举好日子,发布时间：2024-10-01 23:46:44,来源：光华锐评频道,https://ghrp.cctv.com/2024/10/01/ARTImfDh838eowLNwdse6v3s241001.shtml
成交额超1.2亿元！总台公益活动走进喜德，全方位助力乡村振兴,发布时间：2024-09-30 16:25:04,来源：经济,https://jingji.cctv.com/2024/09/30/ARTI59ULZjZg9La2W8BDR5OM240930.shtml
AI智能体走热，将如何改变生活？,发布时间：2024-09-30 10:22:55,来源：新闻,https://news.cctv.com/2024/09/30/ARTIu2O2pPy1VEfXZVPqWuy0240930.shtml
“我与祖国共庆生”主题宣传教育活动开展,发布时间：2024-09-26 11:41:35,来源：福建频道,https://local.cctv.com/2024/09/26/ARTIzcdOH3VU8l0lns2ccQe4240926.shtml
2024中国农民丰收节 | 四平举行丰收成果展示活动,发布时间：2024-09-23 15:44:19,来源：央视网报,https://city.news.cctv.com/2024/09/23/ARTIM70rvyrFxo0Eo09aGu3y240923.shtml
2024年《中国农民丰收节晚会》今晚播出！节目单来了,发布时间：2024-09-22 13:08:55,来源：新闻,https://news.cctv.com/2024/09/22/ARTI0vWGU9aJmuAPXGzW2T0d240922.shtml
2024年《中国农民丰收节晚会》今晚播出！节目单来了,发布时间：2024-09-22 12:58:54,来源：CCTV其他,https://tv.cctv.com/2024/09/22/ARTIqqmDt9gvIpYfRj6zLrVD240922.shtml
2024年《中国农民丰收节晚会》今晚播出！节目单来了,发布时间：2024-09-22 12:34:55,来源：科教,https://kejiao.cctv.com/2024/09/22/ARTIzUCTQyqKbc3oMvE0P6D0240922.shtml
2024年《中国农民丰收节晚会》今晚播出！节目单来了,发布时间：2024-09-22 10:34:10,来源：总台之声,https://www.cctv.com/2024/09/22/ARTIAbpvKvwwr1OeOuQ8g04I240922.shtml
三大亮点抢先看！探班《中国农民丰收节晚会》幕后,发布时间：2024-09-20 16:32:15,来源：CCTV其他,https://tv.cctv.com/2024/09/20/ARTItjuXSWSUgVDOp5utcSVP240920.shtml
舞动山水间，欢歌田野上！2024年总台丰晚幕后揭秘,发布时间：2024-09-20 11:44:04,来源：科教,https://kejiao.cctv.com/2024/09/20/ARTIq19Lp1HViXzRsSWh7MRU240920.shtml
秋天推荐吃莲藕 好吃又健康,发布时间：2024-09-19 19:27:33,来源：健康,https://jiankang.cctv.com/2024/09/19/ARTIUxshKntjeM9KXGNlIHGN240919.shtml
中非多领域合作持续“向新”,发布时间：2024-09-19 11:49:54,来源：新闻,https://news.cctv.com/2024/09/19/ARTIYgw6qXqriUgqvzXbwRL1240919.shtml
"插上电商翅膀，武乡<font color=""red"">小米</font>出大山",发布时间：2024-09-17 15:01:02,来源：新闻,https://news.cctv.com/2024/09/17/ARTIWWOjppNLITEqYu03eyYy240917.shtml
扫码中秋“大礼包”竟遇上刷单诈骗,发布时间：2024-09-17 12:15:57,来源：新闻,https://news.cctv.com/2024/09/17/ARTIJR0eMaC8UFMqLEczoIC2240917.shtml
“加大在中国的创新发展是坚定承诺”,发布时间：2024-09-17 10:12:43,来源：新闻,https://news.cctv.com/2024/09/17/ARTIXiuhg98d6sEi1N1QeEE7240917.shtml
《丰收集结号》河北武强上演好戏连台，“丰收达人”齐聚共庆丰收,发布时间：2024-09-14 11:32:55,来源：央视网才艺,https://caiyi.cctv.com/2024/09/14/ARTIwF4ZCFui6cMew3jubX9T240913.shtml
“一粥一汤一茶饮”解秋燥,发布时间：2024-09-13 16:21:27,来源：健康,https://jiankang.cctv.com/2024/09/13/ARTI7tU0bbLPlbpXTvBZQhdu240912.shtml
探访韩国三养火鸡面生产工厂:方便食品的智能制造与安全标准,发布时间：2024-09-11 20:01:47,来源：地方频道,https://local.cctv.com/2024/09/11/ARTIE6E0EqwdGd6rJvy50ycW240911.shtml
“一粥一汤一茶饮”解秋燥,发布时间：2024-09-11 16:17:17,来源：健康,https://jiankang.cctv.com/2024/09/11/ARTI0lP4rPgMzyOixXWx7SLy240911.shtml
党员群众志愿者“握指成拳”凝聚合力 加快恢复灾后生产生活,发布时间：2024-09-08 16:39:38,来源：新闻,https://news.cctv.com/2024/09/08/ARTI80dEhvj9Lf6kSJaDNK4N240908.shtml
稻谷黄、瓜果香 硕果累累迎金秋 田野如画好“丰”光,发布时间：2024-09-07 15:22:32,来源：新闻,https://news.cctv.com/2024/09/07/ARTI4wanUOGOVb9eaFP87qIh240907.shtml
坐在炕头看解纠促和的智慧 山西蹚出县域治理“调解通道”,发布时间：2024-09-06 19:50:06,来源：地方频道,https://local.cctv.com/2024/09/06/ARTIvdKB7IubQkq8HA3WzhJx240906.shtml
颜选攻略丨辣嗓子、胃部灼烧……简爱酸奶被指涉食品安全问题,发布时间：2024-09-03 11:42:16,来源：教育,https://edu.cctv.com/2024/09/03/ARTIqFfl1s8L1wbZQnKrfdWJ240903.shtml
中非农业合作，共绘非洲减贫发展蓝图（新时代中非合作）,发布时间：2024-08-28 11:15:38,来源：乡村振兴,https://xczx.cctv.com/2024/08/28/ARTIKeR7wtSKvfyBCgWL7lXh240828.shtml
巴西媒体考察团访鄂：期待更多湖北高科技产品走进巴西,发布时间：2024-08-27 10:12:02,来源：地方频道,https://local.cctv.com/2024/08/27/ARTIEPrh8mPKAwhB0Yaudv89240827.shtml
可穿戴设备将成为AI应用落地新风口,发布时间：2024-08-22 12:07:01,来源：数智频道,https://5gai.cctv.com/2024/08/22/ARTIqkt857tpMzVD70xQp4ab240822.shtml
消费电子技术迭代带动行业上行,发布时间：2024-08-22 12:05:47,来源：数智频道,https://5gai.cctv.com/2024/08/22/ARTI3mk4eqVvJQGshRw1BFCt240822.shtml
高血脂患者必看！吃对食物，血脂稳稳下降,发布时间：2024-08-20 15:43:42,来源：健康,https://jiankang.cctv.com/2024/08/20/ARTIHAZFk5swTkfJProHEi2A240820.shtml
云起·策问|品牌出海下的售后服务革新与数字化转型,发布时间：2024-08-20 09:49:36,来源：地方频道,https://local.cctv.com/2024/08/20/ARTIeCQWOAKRRqO9f8YupIDU240820.shtml
主食怎么吃才健康,发布时间：2024-08-19 15:11:06,来源：健康,https://jiankang.cctv.com/2024/08/19/ARTIHLZCIXjwAUU4SAj0TeRa240819.shtml
闽江之畔 乘“数”直上,发布时间：2024-08-19 10:22:58,来源：福建频道,https://local.cctv.com/2024/08/19/ARTImRkHPx24Jksp2bmKuu12240819.shtml
新华全媒+｜坐着高铁看中国 穿越5000年中华文明,发布时间：2024-08-18 17:36:29,来源：新闻,https://news.cctv.com/2024/08/18/ARTI7Xv2pPHmKtlG7TVF6RR0240818.shtml
工业四大支柱行业齐增长 制造业引领产业升级 北京前7月经济延续恢复态势,发布时间：2024-08-18 10:19:31,来源：经济,https://jingji.cctv.com/2024/08/18/ARTIrFAbeB4CosZAzJcjCi1W240818.shtml
主食怎么吃才健康,发布时间：2024-08-16 16:17:41,来源：产业+,https://business.cctv.com/2024/08/16/ARTIYeH4oCVKyK69xPpQ3MAw240816.shtml
主食怎么吃才健康,发布时间：2024-08-16 11:46:06,来源：新闻,https://news.cctv.com/2024/08/16/ARTIALlJsKsFKl7qezBvLoQi240816.shtml
强化农业文化遗产保护利用,发布时间：2024-08-12 10:25:34,来源：乡村振兴,https://xczx.cctv.com/2024/08/12/ARTIAcP1FlLGZjg0TIghlJvL240812.shtml
瞭望·治国理政纪事｜走好“特”“优”农业发展之路,发布时间：2024-08-10 12:24:38,来源：新闻,https://news.cctv.com/2024/08/10/ARTI9KBFavzlfEKddMCAN7BW240810.shtml
通讯｜务实耕耘 共同发展——探访乌兹别克斯坦上合组织农业基地中乌现代农业科技示范园,发布时间：2024-08-09 19:41:33,来源：新闻,https://news.cctv.com/2024/08/09/ARTIbHL5h2sRgaLTCdUPutmf240809.shtml
贵州锦屏：五颜六色 侗寨“晒秋” 又是一年丰收季,发布时间：2024-08-09 14:01:17,来源：新闻,https://news.cctv.com/2024/08/09/ARTI9rGI4QQWaMu7A18zmVSI240809.shtml
增程式汽车销量喜人 “增程路线”有望重回主流,发布时间：2024-08-08 18:11:18,来源：汽车频道,https://auto.cctv.com/2024/08/08/ARTI1ghktzA0eIIGhg4JWLCl240808.shtml
直营or授权 汽车零售模式寻变,发布时间：2024-08-08 17:55:04,来源：汽车频道,https://auto.cctv.com/2024/08/08/ARTI9gxJNH0hJ7LAF02Eznl9240808.shtml
织密智能交通网 “车路云一体化”将为谁赋能,发布时间：2024-08-08 12:05:35,来源：汽车频道,https://auto.cctv.com/2024/08/08/ARTIiirrXTUVjDOrnzmTyt3E240808.shtml
熬夜后如何补救？中医专家为你支招,发布时间：2024-08-07 13:43:29,来源：健康,https://jiankang.cctv.com/2024/08/07/ARTII6CyAh2Uvry7Zvs2kLBr240807.shtml
立秋：凉风有信，滋阴润燥（二十四节气里的中医养生之道）,发布时间：2024-08-07 13:43:11,来源：健康,https://jiankang.cctv.com/2024/08/07/ARTIrXrGd1wipXAu8SWgzHqY240807.shtml
汽车产业重塑竞争新格局,发布时间：2024-08-06 15:45:50,来源：财经,https://finance.cctv.com/2024/08/06/ARTIkaWtIPArnbW7DxWVHSgD240806.shtml
立秋：凉风有信，滋阴润燥（二十四节气里的中医养生之道）,发布时间：2024-08-05 11:34:19,来源：新闻,https://news.cctv.com/2024/08/05/ARTIzqjHecM1Mu8FyyYOJXqB240805.shtml
国家计算机病毒应急处理中心监测发现15款违规移动应用,发布时间：2024-08-01 18:02:21,来源：新闻,https://news.cctv.com/2024/08/01/ARTIPUIwq1RrHshtPlUg1MTv240801.shtml
深山民宿主理人和她的2000亩谷子地,发布时间：2024-07-30 12:25:40,来源：新闻,https://people.cctv.com/2024/07/30/ARTIuupYz6pt7Afqs3v9BIDZ240730.shtml
高温天气如何促进食欲？哪些食物要少吃？这样吃健康又精神→,发布时间：2024-07-30 06:38:52,来源：新闻,https://news.cctv.com/2024/07/30/ARTIL9IoZzdihRi9qscSSsrz240730.shtml
“共富乡村”的新产业（锚定现代化 改革再深化）,发布时间：2024-07-26 10:48:08,来源：乡村振兴,https://xczx.cctv.com/2024/07/26/ARTIwE1jVPNDII3rtp0CEVzI240726.shtml
三伏天养生，中医推荐这些简单易行的保健方法，预防夏季常见病！,发布时间：2024-07-23 17:30:02,来源：新闻,https://news.cctv.com/2024/07/23/ARTI1XinF9u3kjn0Q5rdXEtA240723.shtml
