标题,日期,来源,链接
宿迁儿童医院约4.8亿元拍卖在即！专家：医院勿盲目扩张,发布时间：2024-11-24 18:54:38,来源：经济,https://jingji.cctv.com/2024/11/24/ARTIbx7e8b0J4eVaKA0UZsm9241124.shtml
今年1至10月福建经济延续稳中有进态势,发布时间：2024-11-24 09:48:59,来源：福建频道,https://local.cctv.com/2024/11/24/ARTI9G7uu85SJ7tqqqvBIxlO241124.shtml
平行世界里的两个成都,发布时间：2024-11-22 21:13:38,来源：地方频道,https://local.cctv.com/2024/11/22/ARTI9mMWNzM7L4zjpIywJ7Nk241122.shtml
20天破千亿 第四届直播电商节（中国·广州）成绩亮眼,发布时间：2024-11-22 17:18:00,来源：地方频道,https://local.cctv.com/2024/11/22/ARTI515xV7GNaYkUbzY2ANii241122.shtml
【数说经济】巩固增强消费引擎关键动能,发布时间：2024-11-22 11:56:39,来源：新闻,https://news.cctv.com/2024/11/22/ARTIya8bZqLrCBPveRm2BOGS241122.shtml
中国职教“出海”为世界培养技能人才,发布时间：2024-11-21 14:57:38,来源：新闻,https://news.cctv.com/2024/11/21/ARTIOROMQH8exzJLeIXLmt7R241121.shtml
中国5G+工业互联网大会上 武汉多区“亮剑”,发布时间：2024-11-21 14:15:59,来源：地方频道,https://local.cctv.com/2024/11/21/ARTIR0d2oCG2Gl3WwJfkD1L8241121.shtml
“中国餐桌”迎来更多“拉美味道”（环球热点）,发布时间：2024-11-20 14:45:56,来源：新闻,https://news.cctv.com/2024/11/20/ARTI4N7re3R3gcr6kEXHrpH2241120.shtml
江西吉安一女子陷刷单诈骗邮寄“现金包裹” 警方及时拦截追回,发布时间：2024-11-19 16:54:50,来源：央视网报,https://city.news.cctv.com/2024/11/19/ARTIXTrTc5Z7ZhuTcOFMGBUP241119.shtml
“绵品出川”济南行圆满落幕，绵阳品牌闪耀ACE2024亚餐展,发布时间：2024-11-19 09:51:53,来源：文化频道,https://www.cctv.com/2024/11/19/ARTIftPguRy6umW7zFABxraw241119.shtml
数智赋能物流业降本增效,发布时间：2024-11-19 08:28:52,来源：数智频道,https://5gai.cctv.com/2024/11/19/ARTI2PugK2YaTkfUbrkQSizQ241118.shtml
中央广播电视总台“央央好物”直播电商平台正式启动,发布时间：2024-11-18 20:03:35,来源：总台之声,https://www.cctv.com/2024/11/18/ARTIBCEQOe6pTEp6nLkz5HkL241118.shtml
第八届中国纺织非物质文化遗产大会在海宁许村召开,发布时间：2024-11-18 16:46:58,来源：时尚,https://style.cctv.com/2024/11/18/ARTI1qwYNu1arC8F41VI1DQl241118.shtml
绵阳品牌亮相ACE2024亚餐展，科技与美食碰撞出川蜀之美,发布时间：2024-11-16 08:18:03,来源：文化频道,https://www.cctv.com/2024/11/16/ARTIBBOEBvT7iCwRledK2dBM241115.shtml
绵阳风味撩动泉城味蕾，ACE2024亚餐展见证美食与文化交融的热潮,发布时间：2024-11-15 13:19:53,来源：文化频道,https://www.cctv.com/2024/11/15/ARTIIaIUS8pVUWlPmbNTzvu5241115.shtml
进博会到“双11” 双平台共振展现中国市场热力,发布时间：2024-11-14 16:17:14,来源：经济,https://jingji.cctv.com/2024/11/14/ARTI6XT5OaaPGKOQY1F7rv2r241114.shtml
平潭：畅通供应链，竞速“双11”,发布时间：2024-11-14 10:18:52,来源：福建频道,https://local.cctv.com/2024/11/14/ARTIoo8KD7fYligaMpUnGodv241114.shtml
“双十一”加速释放消费潜能,发布时间：2024-11-13 06:59:34,来源：经济,https://jingji.cctv.com/2024/11/13/ARTIFJZADFG4aoMFVssjwDD5241113.shtml
信用卡代偿平台再活跃 “低费率”背后还有哪些风险,发布时间：2024-11-13 06:55:27,来源：新闻,https://news.cctv.com/2024/11/13/ARTI8JSuuTGlEtPl4fjJNQ7b241113.shtml
2024年度宠物经济发展大会暨宠物行业数据发布会即将启动,发布时间：2024-11-12 19:23:43,来源：产业+,https://business.cctv.com/2024/11/12/ARTIdW7RCEeinAOLxT54IpWy241112.shtml
“双十一”期间，全国快递揽收和投递量都超过一百二十亿件,发布时间：2024-11-12 09:36:25,来源：经济,https://jingji.cctv.com/2024/11/12/ARTIORCLqPonpyPvxSku24MI241112.shtml
“双11”16年了，今年有何不同？,发布时间：2024-11-12 07:23:42,来源：新闻,https://news.cctv.com/2024/11/12/ARTIWIJdz4W53FIL6LauDkoU241112.shtml
“双十一”叠加以旧换新拓展消费空间,发布时间：2024-11-11 10:06:47,来源：经济,https://jingji.cctv.com/2024/11/11/ARTIOAgKIeb8Fez4wBEtEnIb241111.shtml
《财富大变局》新书发布会在京举办 李光斗与企业家共同探讨财富新趋势,发布时间：2024-11-11 10:04:58,来源：经济,https://jingji.cctv.com/2024/11/11/ARTILy33EEASzTzoJg5LsniG241111.shtml
家电销售领跑“双十一” 以旧换新撬动力凸显,发布时间：2024-11-11 05:34:58,来源：经济,https://jingji.cctv.com/2024/11/11/ARTI2yMFJhA5iGRJ1Ve1qULe241111.shtml
李光斗《财富大变局》新书发布会在京举行,发布时间：2024-11-08 17:43:01,来源：财经,https://finance.cctv.com/2024/11/08/ARTIu7qC5H0qqQKEiqFex6Yo241108.shtml
“领补贴”消费者的“以旧换新记”,发布时间：2024-11-08 17:11:47,来源：经济,https://jingji.cctv.com/2024/11/08/ARTISu5j5mLKA8LYC5Jjzo00241108.shtml
澳洲EAORON第七次亮相上海进博会,发布时间：2024-11-08 14:28:56,来源：产业+,https://business.cctv.com/2024/11/08/ARTIHoUpVMh5efCPxIkOJYrE241108.shtml
《财富大变局》新书发布会在京举办 李光斗与企业家共同探讨财富新趋势,发布时间：2024-11-08 11:54:19,来源：小央视频,https://v.cctv.com/2024/11/08/ARTIYmWBIatyAsF6Uw0l1I6e241108.shtml
福建：服务找人才 为民企蓄能,发布时间：2024-11-08 10:22:36,来源：福建频道,https://local.cctv.com/2024/11/08/ARTIFXLl7ibOUpCYjeychS4q241108.shtml
颜选攻略 | PGG、BLAUPUNKT眼部按摩仪检出不达标，最新回应来了,发布时间：2024-11-06 11:15:22,来源：教育,https://edu.cctv.com/2024/11/06/ARTIUpcST4teHxgPFi9ByrQc241106.shtml
颜选攻略 | 2024年家用燃气快速热水器等抽查情况通报,发布时间：2024-11-06 10:46:50,来源：教育,https://edu.cctv.com/2024/11/06/ARTI6iORhyHZU0OK4ZWBemvo241106.shtml
新型储能：“超级充电宝”如何驱动未来能源变革,发布时间：2024-11-06 07:13:40,来源：新闻,https://news.cctv.com/2024/11/06/ARTIYeKZsInYfGN1xxGVkzEm241106.shtml
职业教育如何跑出汽车人才培养“加速度”？——专访北京万通职业学校副校长李长娥,发布时间：2024-11-05 18:50:35,来源：教育,https://edu.cctv.com/2024/11/05/ARTIQ7NAvnyqKMTF6dNKIizO241105.shtml
强产业 稳投资 促消费——天津生产消费一线走访见闻,发布时间：2024-11-05 15:17:46,来源：经济,https://jingji.cctv.com/2024/11/05/ARTI9sRazqbkYpZGH51qXHpD241105.shtml
2024“我为赣南果农买箱橙”公益助农活动在信丰启动！,发布时间：2024-11-04 20:53:10,来源：地方频道,https://local.cctv.com/2024/11/04/ARTIadSsMknK427ROwcPozJS241104.shtml
点燃消费新热潮 第四届广州直播电商节揭幕,发布时间：2024-11-03 14:33:16,来源：地方频道,https://local.cctv.com/2024/11/03/ARTIZYirRKbi3ENcm7BMvok8241103.shtml
主要指标实现增长、重大工程建设加快推进 一揽子增量政策汇聚增长合力,发布时间：2024-11-01 14:42:28,来源：新闻,https://news.cctv.com/2024/11/01/ARTIrLLCGg4uDF0sNZPe96uY241101.shtml
经济季报听信心｜“以旧换新”激活内需潜力,发布时间：2024-11-01 10:46:01,来源：经济,https://jingji.cctv.com/2024/11/01/ARTIBXn7ChAGmskkNhQm3BNM241101.shtml
稳中求进每月看丨金秋共绘奋进新图景——10月全国各地经济社会发展观察,发布时间：2024-11-01 10:45:30,来源：经济,https://jingji.cctv.com/2024/11/01/ARTILIDwc8hHDrMbDYVYCOwV241101.shtml
人流快于货流 前三季度跨区域人员流动量近五百亿人次,发布时间：2024-11-01 06:09:25,来源：新闻,https://news.cctv.com/2024/11/01/ARTImeG4J5efCgv48eY3PgaA241101.shtml
416.3亿、129.7亿、4909亿……人享其行、物畅其流 释放强劲经济活力,发布时间：2024-10-31 17:04:36,来源：新闻,https://news.cctv.com/2024/10/31/ARTIgP1CrFRsd4GkALoidc2q241031.shtml
花都经开区升级“国字号”,发布时间：2024-10-31 12:03:58,来源：地方频道,https://local.cctv.com/2024/10/31/ARTIMfL74EW5xtKSL6RecWZN241031.shtml
支持地方交通建设 交通运输部今年已累计下达3157亿元车购税资金,发布时间：2024-10-31 11:16:25,来源：新闻,https://news.cctv.com/2024/10/31/ARTIyg9HBMFHQ3vhmRWveABj241031.shtml
原创音乐话剧《受到召唤·敦煌》新闻发布会在京举办，共赴“千年璀璨之约”,发布时间：2024-10-31 10:13:38,来源：光华锐评频道,https://ghrp.cctv.com/2024/10/31/ARTIsBG98ihjlu4AEpZnFa2b241031.shtml
厦门自贸片区：为扩大高水平对外开放立新功,发布时间：2024-10-31 10:10:21,来源：福建频道,https://local.cctv.com/2024/10/31/ARTIkKvivdcDCFtOmL2sxqVl241031.shtml
机、车、仓等技术加速应用 无人快递送入千家万户,发布时间：2024-10-31 06:52:07,来源：新闻,https://news.cctv.com/2024/10/31/ARTI5ffxhFIwQDs4VTGgTQcM241031.shtml
2024西安全国乡村振兴农产品产销对接会开幕,发布时间：2024-10-30 19:30:29,来源：地方频道,https://local.cctv.com/2024/10/30/ARTIOPzbRhf8W85NEIYc7jSd241030.shtml
以旧换新“换”出加速度 拉动内需增长“跑”出新成效,发布时间：2024-10-30 07:01:17,来源：经济,https://jingji.cctv.com/2024/10/30/ARTI5LRkWfMVMHerhnShiZJd241030.shtml
中国经济样本观察·县域样本篇丨义乌：“世界超市”何以“长红”？,发布时间：2024-10-29 17:43:27,来源：新闻,https://news.cctv.com/2024/10/29/ARTITwyk4pYgMn4s8M49FPq6241029.shtml
聚力打造具有全球竞争力的电子信息产业高地！,发布时间：2024-10-29 13:54:32,来源：地方频道,https://local.cctv.com/2024/10/29/ARTI6kCS00xHB9ZnnpxyzXIh241029.shtml
广交会观察: 外商盯上中国户外露营潮,发布时间：2024-10-26 19:34:04,来源：新闻,https://news.cctv.com/2024/10/26/ARTIlMR8vCMx5SelV8ZEqam9241026.shtml
富乐之乡携手南孔圣地　“绵品出川”相遇“衢州有礼”—— 一场跨越山海的双向奔赴再谱东西协作新篇章,发布时间：2024-10-25 19:12:42,来源：文化频道,https://www.cctv.com/2024/10/25/ARTI0aLa9XsKMGOOvlpgyPSw241025.shtml
透过数据看当“双十一”遇上“以旧换新”热度 消费市场活力十足,发布时间：2024-10-25 16:47:36,来源：新闻,https://news.cctv.com/2024/10/25/ARTIKUJvKnYXXvUq5ADqcpRZ241025.shtml
“绵品出川”衢州行即将启动，跨越山海见证浓浓“兄弟情”,发布时间：2024-10-24 12:55:42,来源：文化频道,https://www.cctv.com/2024/10/24/ARTIgRALev6v601Vctm720M3241024.shtml
"林内<font color=""red"">京东</font>巅峰24小时：超值焕新，鲸动全城，公益活动圆满落幕",发布时间：2024-10-23 17:57:48,来源：产业+,https://business.cctv.com/2024/10/23/ARTILI4Bexc1qSmodT6uaRSb241023.shtml
藏在酒店民宿里的摄像头,发布时间：2024-10-23 10:25:52,来源：新闻,https://news.cctv.com/2024/10/23/ARTIjnQ5F3e54dDfhUBJKpMc241023.shtml
“中国创造”展现新风采——第136届广交会观察,发布时间：2024-10-22 00:11:34,来源：新闻,https://news.cctv.com/2024/10/22/ARTIJedEb3UQVirVMFjAQj1f241022.shtml
北京正规划3000平方公里自动驾驶示范区,发布时间：2024-10-19 16:11:11,来源：新闻,https://news.cctv.com/2024/10/19/ARTImVRaLwhF0PPUlnOs7rkO241019.shtml
镜观·领航丨总书记三次考察合肥，科创主题贯穿始终,发布时间：2024-10-19 12:38:40,来源：新闻,https://news.cctv.com/2024/10/19/ARTIRZQsRhpdo4ixfiZDLURc241019.shtml
广交会上的这些“首次”传递哪些信号？,发布时间：2024-10-18 09:29:11,来源：新闻,https://news.cctv.com/2024/10/18/ARTIh75bvHcSQnPB9ksQTXLU241018.shtml
财经聚焦丨广交会上的这些“首次”传递哪些信号？,发布时间：2024-10-18 05:56:50,来源：经济,https://jingji.cctv.com/2024/10/18/ARTIAmf1QeS0DMMHseexhP2c241018.shtml
颜选攻略丨上海市消保委测评50款老人鞋 舒悦、骆驼、泰和源等样品未达推荐性国标要求,发布时间：2024-10-16 11:37:15,来源：教育,https://edu.cctv.com/2024/10/16/ARTIeo28tvMgz2dn7dY2LAR8241016.shtml
5大餐饮品类主题展！第二十五届中国美食节展览展示及采购对接会诚邀您的加入,发布时间：2024-10-16 10:24:28,来源：文旅美食,https://culture-travel.cctv.com/2024/10/16/ARTIRlzSXCNyKb27UPimOOVG241016.shtml
定档！第二十五届中国美食节暨第二届闽菜美食文化节 首届（福州）佛跳墙节将于10月底在福州举办！,发布时间：2024-10-16 09:38:15,来源：文旅美食,https://culture-travel.cctv.com/2024/10/16/ARTI1LFTQAJJCQ10P4yPXgoy241016.shtml
文化和旅游部举行第八届中国非物质文化遗产博览会新闻发布会,发布时间：2024-10-15 10:39:27,来源：科教,http://cctv.cntv.cn/2024/10/15/ARTI4lJUeTpaJLlY40xqG61a241015.shtml
河南省家电以旧换新月成交量超百万台,发布时间：2024-10-14 14:46:54,来源：地方频道,https://local.cctv.com/2024/10/14/ARTIlbDLYcHj830U4w5FM05T241014.shtml
河南13家企业上榜2024中国民营企业500强,发布时间：2024-10-14 14:42:53,来源：地方频道,https://local.cctv.com/2024/10/14/ARTIL8pLiFwtKkemeQI4EjoS241014.shtml
电商带吉林特产走向全球,发布时间：2024-10-14 10:26:56,来源：乡村振兴,https://xczx.cctv.com/2024/10/14/ARTIheCkdmRAvsZJY8fDDEOO241014.shtml
努力完成全年经济社会发展目标任务,发布时间：2024-10-14 10:12:22,来源：新闻,https://news.cctv.com/2024/10/14/ARTIZsziLUEps9QsyPTVaAoq241014.shtml
2024中国民营企业500强报告出炉：民企成科技创新重要主体  互联网行业研发投入领先,发布时间：2024-10-13 12:39:18,来源：经济,https://jingji.cctv.com/2024/10/13/ARTIwbpxT1uUnMbSx6rHVpLq241013.shtml
漳州平和：“柚都”炼成记,发布时间：2024-10-13 11:09:01,来源：福建频道,https://local.cctv.com/2024/10/13/ARTI8nTRajdAgF4HhNI36mwr241013.shtml
2024中国民营企业500强发布,发布时间：2024-10-13 06:11:46,来源：经济,https://jingji.cctv.com/2024/10/13/ARTI6fykLziPWuFARO0dBJcq241013.shtml
成都高新西区多个产业项目加速推进 全力冲刺四季度,发布时间：2024-10-12 17:03:57,来源：地方频道,https://local.cctv.com/2024/10/12/ARTI8af5qr1edE4X5wi3970N241012.shtml
同心致远！中央广播电视总台2025“品牌强国工程”发布,发布时间：2024-10-11 20:42:39,来源：总台之声,https://www.cctv.com/2024/10/11/ARTIgegeGXB7K8yu8ivNkvSo241011.shtml
长三角铁路10月11日起实施新列车运行图,发布时间：2024-10-11 18:41:41,来源：新闻,https://news.cctv.com/2024/10/11/ARTIn250pyWyRdG8cZwTZyvn241011.shtml
冬季电煤运输关键期 全国铁路增加煤炭运输能力,发布时间：2024-10-11 17:25:25,来源：新闻,https://news.cctv.com/2024/10/11/ARTIRvcu0v25G9e3dE4xTCgg241011.shtml
"医养融合 科技赋能 打造智慧医养新标杆 ——<font color=""red"">京东</font>方健康闪耀国际老龄产业博览会",发布时间：2024-10-11 17:09:28,来源：产业+,https://business.cctv.com/2024/10/11/ARTI36TPejFf1xy996sqEl6Y241011.shtml
激活“有效需求” 兴业银行聚力“两新”出新招打实招,发布时间：2024-10-10 16:45:29,来源：福建频道,https://local.cctv.com/2024/10/10/ARTIOfc22P5NURo069NU9m7G241010.shtml
让企业和产业成为职业教育的“练兵场”,发布时间：2024-10-10 16:25:50,来源：教育,https://edu.cctv.com/2024/10/10/ARTITrNTmnGwykZLujmOJLUj241010.shtml
经济政策一线微观察｜“两新”政策 成效几何？,发布时间：2024-10-10 15:28:12,来源：经济,https://jingji.cctv.com/2024/10/10/ARTImsHw6Xn4An7fjyAgH9tG241010.shtml
福建福安：大健康风口下，按摩器产业借势高飞,发布时间：2024-10-10 10:24:33,来源：福建频道,https://local.cctv.com/2024/10/10/ARTInV15EJ2FnWNw6ibrxiGp241010.shtml
权威数读｜这个国庆有多“火 ”？这些数据告诉你,发布时间：2024-10-09 16:59:57,来源：经济,https://jingji.cctv.com/2024/10/09/ARTIoRS54nCuxK0ikvnSVTJe241009.shtml
文旅融合出新出彩 消费市场活力涌动——2024年国庆假期盘点,发布时间：2024-10-09 08:32:41,来源：新闻,https://news.cctv.com/2024/10/09/ARTIRsFyhrSvAfxD7z4i3JZz241009.shtml
财经聚焦丨假日人气旺 市场活力足——国庆假期消费市场一线观察,发布时间：2024-10-08 20:28:00,来源：新闻,https://news.cctv.com/2024/10/08/ARTIOUvjHtGDzcCn3UEvZbLU241008.shtml
“蟠桃甜，日子更甜！”（新疆生产建设兵团砥砺奋进七十载）,发布时间：2024-10-08 17:57:33,来源：新闻,https://news.cctv.com/2024/10/08/ARTIkkl4SDRifCInQbE3oGq8241008.shtml
尽情“燃烧卡路里” 体育消费激活经济新潜力,发布时间：2024-10-08 11:14:25,来源：产业+,https://business.cctv.com/2024/10/08/ARTI40mhTbrlq6wRTLrkQ85B241008.shtml
国庆假期北京重点商圈客流量超过4500万人次,发布时间：2024-10-07 19:43:29,来源：经济,https://jingji.cctv.com/2024/10/07/ARTIQxzJ7ykozqzBqiwQyPN4241007.shtml
文旅火 促销热 服务优：国庆假期消费成色足,发布时间：2024-10-07 18:44:37,来源：新闻,https://news.cctv.com/2024/10/07/ARTIOd9C4YhVDjE8jCjUriuc241007.shtml
福建安溪：“一叶兴”链出“百业旺”,发布时间：2024-10-06 10:03:53,来源：福建频道,https://local.cctv.com/2024/10/06/ARTIDRKyf63fKUYy1OgRdHZ8241006.shtml
交通先行脉搏强劲 流动中国生机勃勃,发布时间：2024-10-05 06:32:17,来源：新闻,https://news.cctv.com/2024/10/05/ARTInRveB4HnourViSabrVwT241005.shtml
第四届中国新电商大会丨物美集团创始人、多点DMALL创始人张文中：坚定不移拥抱数字化，是发挥新质生产力作用的关键,发布时间：2024-09-30 11:38:27,来源：公益频道,https://gongyi.cctv.com/2024/09/30/ARTIpqwGFzycVyT7PDBIc7oI240930.shtml
"第四届中国新电商大会丨<font color=""red"">京东</font>集团副总裁王冠之：助力降本增效，带动生态产业高质量发展",发布时间：2024-09-30 11:25:33,来源：公益频道,https://gongyi.cctv.com/2024/09/30/ARTIelkrJxI2qetVjY0pLxT8240930.shtml
各地促消费加码，打造更多“金九银十”消费新热点,发布时间：2024-09-30 01:33:52,来源：经济,https://jingji.cctv.com/2024/09/30/ARTIUE73bEVA02UIE9jr2IwZ240930.shtml
"淘宝可用微信支付 <font color=""red"">京东</font>将接入支付宝支付",发布时间：2024-09-29 17:21:58,来源：财经,https://finance.cctv.com/2024/09/29/ARTIjIkNu99aA2SOA4FeFDXf240929.shtml
【8点见】国企明年普遍推行不胜任退出制度,发布时间：2024-09-28 08:00:33,来源：新闻,https://news.cctv.com/2024/09/28/ARTIKJs9crGI2xV7v0WY7An0240928.shtml
"<font color=""red"">京东</font>方健康视图板块上线，为用户带来便捷就医新体验",发布时间：2024-09-27 16:28:21,来源：产业+,https://business.cctv.com/2024/09/27/ARTIPYckZWJZsQgJkTL4OrKe240927.shtml
打卡“中国新地标” “东数西算”夯实中国数字经济发展“绿色底座”,发布时间：2024-09-27 14:56:53,来源：新闻,https://news.cctv.com/2024/09/27/ARTI6rhsIZXUTnLstZjJiPxa240927.shtml
“e起绽放吧”晚会燃动全场！两岸青年共赴青春派对,发布时间：2024-09-27 09:04:22,来源：新闻,https://news.cctv.com/2024/09/27/ARTIpwTyAMHLCiHXR49fZQYi240927.shtml
四川省将发放超4亿元消费券活跃市场,发布时间：2024-09-26 13:53:12,来源：经济,https://jingji.cctv.com/2024/09/26/ARTIg0mxsjQjFnUAO0vSgfMN240926.shtml
