研学游成暑期市场主力军 各地精心打造学校之外的“大课堂”,发布时间：2024-07-16 09:42:35,来源：教育,https://edu.cctv.com/2024/07/16/ARTILCOJjrP29cDYpvQS0vxP240716.shtml
外贸半年报彰显“质升量稳” 新业态激发强劲动能,发布时间：2024-07-15 06:18:34,来源：经济,https://jingji.cctv.com/2024/07/15/ARTIDnjNzF4ibLIASd2Uo25F240715.shtml
【万千气象看中国】铁路旅游援疆专列在江西南昌发车,发布时间：2024-07-10 12:13:51,来源：央视网报,https://city.news.cctv.com/2024/07/10/ARTIIwTCou87ILE9ciJDeHvl240710.shtml
兰新高铁飞驰 助力西部发展（大数据观察）,发布时间：2024-07-04 10:40:42,来源：新闻,https://news.cctv.com/2024/07/04/ARTIV81ueWchdeTkFb88yHJc240704.shtml
“国风雅韵——马子恺古篆艺术精品展”在北京开幕,发布时间：2024-07-02 12:33:43,来源：艺术,https://yangbo.cctv.com/2024/07/02/ARTIFICU7ilJtQciTyAWamDu240702.shtml
借助AI还是高价机构 ，填报高考志愿哪种更靠谱？,发布时间：2024-06-29 16:13:03,来源：新闻,https://news.cctv.com/2024/06/29/ARTIr8yS5GYOaNp8PYVrFo0N240629.shtml
警惕虚假宣传！暑期研学火爆 部分产品价格虚高,发布时间：2024-06-25 09:46:33,来源：教育,https://edu.cctv.com/2024/06/25/ARTIjatOO24xe1OCwlCeGhwQ240625.shtml
以舞之名，绽放平潭之美,发布时间：2024-06-22 11:08:47,来源：福建频道,https://local.cctv.com/2024/06/22/ARTIKpYW6MfSmW2pztDcUpBo240622.shtml
教培行业转战新赛道：数千元学习机热卖，“省妈”还是智商税？,发布时间：2024-06-22 10:42:03,来源：新闻,https://news.cctv.com/2024/06/22/ARTIOJeN8EMWwOhDd7YALrc9240622.shtml
中学阶段留学 这些事项需关注（留学服务站）,发布时间：2024-05-30 12:48:08,来源：教育,https://edu.cctv.com/2024/05/30/ARTI6nW9c6CiYHdttG3pJSNL240530.shtml
深圳：文旅芬芳五月天 约会深圳山海间,发布时间：2024-05-20 16:05:48,来源：地方频道,https://local.cctv.com/2024/05/20/ARTIlgr4tGn9bkYj9mTwFeHI240520.shtml
西安市举行2024年家庭家教家风建设主题宣传活动,发布时间：2024-05-17 15:38:52,来源：地方频道,https://local.cctv.com/2024/05/17/ARTItCys7gKAY4HFMpATlCn9240517.shtml
2024高等教育与就业发展研讨会举办，共话大学英语能力培养,发布时间：2024-04-24 16:02:12,来源：产业+,https://business.cctv.com/2024/04/24/ARTIN8y2qzV38Nm23j3QsBox240424.shtml
文体旅融合点燃消费新引擎,发布时间：2024-04-22 07:18:32,来源：经济,https://jingji.cctv.com/2024/04/22/ARTIxH59yNXvSjzKkZR5eLOT240422.shtml
西藏洛隆县：第十届俄西杏花文化旅游宣传周带动文旅消费持续升温,发布时间：2024-04-18 18:56:26,来源：地方频道,https://local.cctv.com/2024/04/18/ARTIvptM6rZEAhF5jRFz8zAb240418.shtml
西藏洛隆县第十届俄西杏花文化旅游宣传周开幕,发布时间：2024-04-15 15:18:41,来源：地方频道,https://local.cctv.com/2024/04/15/ARTIbJCJDoFTqNFSuNkryNPg240415.shtml
为找工作，本科生“回炉”读职校,发布时间：2024-03-12 10:16:39,来源：教育,https://edu.cctv.com/2024/03/12/ARTIoox58drnTBXcqmskh6Th240312.shtml
这届年轻人 偏爱一种很新的复古潮,发布时间：2024-02-27 12:11:05,来源：时尚,https://style.cctv.com/2024/02/27/ARTIX3LURHufgaVnpXcs8UOX240227.shtml
"《平潭映象》用<font color=""red"">新东方</font>美学构筑两岸艺术的“跨海桥廊”",发布时间：2024-02-07 18:46:03,来源：艺术,https://yangbo.cctv.com/2024/02/07/ARTISebIAZj0aFiENOVqWoPn240207.shtml
《云顶对话》专访“爷叔”：时代的“不响”解读者,发布时间：2024-02-06 20:35:37,来源：光华锐评频道,https://ghrp.cctv.com/2024/02/06/ARTIjMfGmNWq1osy6L4etYVu240206.shtml
沈阳浑南区召开发展新质生产力投资促进大会,发布时间：2023-12-13 17:03:18,来源：生态环境频道,https://eco.cctv.com/2023/12/13/ARTIiMEYhNgOSjn2QBtGVslH231213.shtml
更关注性价比！寒假研学价格上涨热度下降,发布时间：2023-12-12 10:00:47,来源：教育,https://edu.cctv.com/2023/12/12/ARTIUyBRyFWf2G8V0dr5SKj1231212.shtml
少了36万！连增8年后，考研报名人数降了,发布时间：2023-11-23 06:40:57,来源：新闻,https://news.cctv.com/2023/11/23/ARTII3IuZxw6YVzh7Zu34gy7231123.shtml
【8点见】中学因财政困难向学生收200元？教育局回应,发布时间：2023-11-21 08:00:07,来源：新闻,https://news.cctv.com/2023/11/21/ARTIylNg6pO89eF4QJKyHHN4231121.shtml
"杭州<font color=""red"">新东方</font>遭网红举报处罚结果公布：停止办学，处罚15万元",发布时间：2023-11-20 17:17:39,来源：教育,https://edu.cctv.com/2023/11/20/ARTIglY2hoS0ne0sJTpnzqN0231120.shtml
新疆深挖资源潜力 激发旅游经济效能,发布时间：2023-10-28 20:15:17,来源：新闻,https://news.cctv.com/2023/10/28/ARTIZNzen3G29o1xPLE9G7My231028.shtml
“悦读时代 对话名家”  2023中国黄山书会在安徽合肥举办 2023全国少儿图书交易会同期举办,发布时间：2023-10-28 17:38:28,来源：阅读频道,https://book.cctv.com/2023/10/28/ARTIV4YV0Flt2Wi4XeDEsZwm231028.shtml
百列万人游新疆 铁路旅游援疆行动启动,发布时间：2023-10-25 16:01:04,来源：科教,https://kejiao.cctv.com/2023/10/25/ARTIjRW6HEu8HFj0Y5Ko7Bps231025.shtml
定制化开行旅游专列 铁路助力旅游兴疆行动加速推进,发布时间：2023-10-25 07:58:52,来源：新闻,https://news.cctv.com/2023/10/25/ARTIprrmZZMWW86rUnN2NAPA231025.shtml
“一带一路”人才合作结出累累硕果,发布时间：2023-10-22 16:31:19,来源：新闻,https://news.cctv.com/2023/10/22/ARTIxcHkPz7bsK6hXqMrQXm6231022.shtml
跟着总书记看中国 | 高质量写好“先行示范”新答卷,发布时间：2023-10-11 18:28:11,来源：新闻,https://news.cctv.com/2023/10/11/ARTIbgMWpaucPU6OvRULJBje231011.shtml
释放龙华高质量发展活力 这场招商推介会干货十足,发布时间：2023-08-28 21:49:36,来源：地方频道,https://local.cctv.com/2023/08/28/ARTI1nGNU9kpTOo2fKRFstJd230828.shtml
从中华文明和平性看中国坚持走和平发展道路——中华文明的突出特性系列述评之六,发布时间：2023-06-17 08:53:50,来源：新闻,https://news.cctv.com/2023/06/17/ARTIBOxwyOhj3PwSiuoY4p35230617.shtml
开源教育与人才｜2023开放原子全球开源峰会开源教育和人才分论坛即将启幕,发布时间：2023-06-02 09:09:27,来源：公益频道,https://gongyi.cctv.com/2023/06/02/ARTInKNdGu1zfaPOjyNEPqgG230602.shtml
“五一”假期旅游专列“花式卷”：半小时即售罄 “熊猫专列”已爆满,发布时间：2023-04-21 06:18:04,来源：新闻,https://news.cctv.com/2023/04/21/ARTIskjsSSVWibR0vX7SuA7w230421.shtml
新闻观察：高铁专列助“旅游热”持续升温,发布时间：2023-04-15 13:53:38,来源：新闻,https://news.cctv.com/2023/04/15/ARTIT144VV8OS5Yp6peYimBw230415.shtml
硕博研究生毕业人数“首超”本科生，之后呢？,发布时间：2023-04-07 09:52:38,来源：教育,https://edu.cctv.com/2023/04/07/ARTIgFsSRQ3hzbLfJ3Oezxnb230407.shtml
黑龙江省—亚布力中国企业家论坛交流合作恳谈会举行 许勤徐乐江梁惠玲讲话 蓝绍敏出席,发布时间：2023-03-19 09:02:35,来源：新闻,https://news.cctv.com/2023/03/19/ARTI2ScTa2qcrUcHq8iF101X230319.shtml
焦点访谈：热“雪”沸腾喜迎春,发布时间：2023-01-28 22:22:04,来源：新闻,https://news.cctv.com/2023/01/28/ARTIaQkH7g9XG5uAZ0obVxhY230128.shtml
2023，出国留学新趋势,发布时间：2023-01-12 09:38:17,来源：教育,https://edu.cctv.com/2023/01/12/ARTIHtmGEe4jJkceSG5STJDz230112.shtml
11月28日起，海南省东方市新增2个高风险区,发布时间：2022-11-28 18:48:46,来源：新闻,https://news.cctv.com/2022/11/28/ARTIbzhSQP7jZU7cdeeKPzXg221128.shtml
新风口下的在线职业教育，如何破局？,发布时间：2022-11-03 17:21:26,来源：教育,https://edu.cctv.com/2022/11/03/ARTIoVTNGb3p40nAWWHYlWrT221103.shtml
海外课堂上超八成是中国人，“反向留学”值得吗？,发布时间：2022-10-21 16:56:10,来源：教育,https://edu.cctv.com/2022/10/21/ARTITyF2eZ87bMq8v18ZFag8221021.shtml
《云顶对话》对话雷军 激荡时代头部思维｜制片人手记,发布时间：2022-09-22 10:03:08,来源：光华锐评频道,https://ghrp.cctv.com/2022/09/22/ARTI173hOh2bnLydZvh1KB5c220922.shtml
从服贸会看电子商务行业新亮点,发布时间：2022-09-04 10:36:34,来源：新闻,https://news.cctv.com/2022/09/04/ARTI6kAdg7UcNmKZoeGqvyMD220904.shtml
河南：8月30日起对四家村镇银行单人合并金额40万至50万元（含）的开始垫付,发布时间：2022-08-29 17:52:36,来源：新闻,https://news.cctv.com/2022/08/29/ARTI2cDxCtKxv9C0ZfGTdipR220829.shtml
反腐风暴持续 河南金融监管系统1个月内7人被查,发布时间：2022-08-13 04:38:46,来源：新闻,https://news.cctv.com/2022/08/13/ARTI1uES5UV94tkDjzUJdmut220813.shtml
干货分享！第三届中国短视频大会“主论坛”硬核内容来了！,发布时间：2022-08-12 20:36:51,来源：经济,https://jingji.cctv.com/2022/08/12/ARTI76O5VgFZ5xBPe0YLRWmk220812.shtml
一些直播暗藏“情感陷阱” 你真是主播“家人”吗？,发布时间：2022-08-09 06:40:59,来源：新闻,https://news.cctv.com/2022/08/09/ARTI1j6ZGFBJ74dJjTTekH3K220809.shtml
河南：8月8日起对4家村镇银行客户单人金额15万-25万开始垫付,发布时间：2022-08-05 10:34:03,来源：新闻,https://news.cctv.com/2022/08/05/ARTIrhhnsXgo81iqOaGJotOg220805.shtml
河南：对4家村镇银行账外业务客户本金单家机构单人合并金额10万元至15万元（含）的开始垫付,发布时间：2022-07-29 15:02:37,来源：新闻,https://news.cctv.com/2022/07/29/ARTISyhDrj98pP6xETYXssTn220729.shtml
票价高、上座率高，谁在消费高端火车游？,发布时间：2022-07-22 06:21:37,来源：新闻,https://news.cctv.com/2022/07/22/ARTI16nXTdJnPScF5NnWvGkJ220722.shtml
河南：25日起对4家村镇银行账外业务客户本金开始第二批垫付,发布时间：2022-07-21 09:07:15,来源：新闻,https://news.cctv.com/2022/07/21/ARTIohXmWD5duhoEWg3JMT56220721.shtml
旅游市场观察 | 政策利好不断 旅游从业者回流,发布时间：2022-07-11 15:31:45,来源：新闻,https://news.cctv.com/2022/07/11/ARTItt5hELGSvCUSlbcUIfaV220711.shtml
河南4家村镇银行同日发布公告更换董事长、监事长及高管,发布时间：2022-07-05 09:36:34,来源：新闻,https://news.cctv.com/2022/07/05/ARTIH6KYVh6bw0L4W4srUt80220705.shtml
当图书走进直播间：从文化现场开拓文化“线”场,发布时间：2022-07-05 07:25:06,来源：新闻,https://news.cctv.com/2022/07/05/ARTITmuS9weTiV2xAIeHj6Ly220705.shtml
云顶对话 | 俞敏洪谈“东方甄选”之思,发布时间：2022-06-30 11:26:58,来源：光华锐评频道,https://ghrp.cctv.com/2022/06/30/ARTIzQRQ7HlQGynVTR4tIvKL220630.shtml
"《云顶对话》首播：<font color=""red"">新东方</font>用知识改写企业命运，迎接“新希望”",发布时间：2022-06-29 20:26:08,来源：财经,https://finance.cctv.com/2022/06/29/ARTIpoPMmdx0f4oQahbkQwxH220629.shtml
"《云顶对话》专访俞敏洪：“诗意带货”背后 <font color=""red"">新东方</font>如何锐意转型",发布时间：2022-06-28 11:29:17,来源：财经,https://finance.cctv.com/2022/06/28/ARTIy8Tye7KS2XLvv70TPb4G220628.shtml
【8点见】刑事拘留！警方通报原德云社艺人陈霄华擅闯女子卧室,发布时间：2022-06-28 08:00:17,来源：新闻,https://news.cctv.com/2022/06/28/ARTIo9GlsjNRJ919Kta7pkP8220627.shtml
利好政策“能出尽出” 车市复苏箭在弦上,发布时间：2022-06-27 17:21:49,来源：经济,https://jingji.cctv.com/2022/06/27/ARTIGR7qEaML5KDaQseJIxQO220627.shtml
谁在坐“环西部火车游”品牌列车旅游,发布时间：2022-06-20 16:10:28,来源：新闻,https://news.cctv.com/2022/06/20/ARTIhRzrmDaJxjQnFyzfm5Ir220620.shtml
努力建设滨海城市带的节点城市和亮点城市,发布时间：2022-06-01 13:02:19,来源：海洋,https://ocean.cctv.com/2022/06/01/ARTIaNBAlT1SuS5MsqlFgG8Z220601.shtml
30人编制4000人抢，超千万规模高校毕业生就业难何解,发布时间：2022-05-31 11:52:25,来源：新闻,https://news.cctv.com/2022/05/31/ARTIiWncna6OYzTIQ9C4BIHz220531.shtml
多地村镇银行线上取款难背后：发起行高管被通缉，有企业涉嫌非吸,发布时间：2022-05-19 13:32:39,来源：新闻,https://news.cctv.com/2022/05/19/ARTIq98UJAmWapLVrgkEupmc220519.shtml
标普500失守4000点，五大科技公司市值蒸发超两千亿美元,发布时间：2022-05-10 09:28:42,来源：经济,https://jingji.cctv.com/2022/05/10/ARTIS1koRNQIqnOaaroj1bzp220510.shtml
首图免费提供海量数字资源,发布时间：2022-05-07 09:42:53,来源：新闻,https://news.cctv.com/2022/05/07/ARTIWshCprwltDmYtgid2XHM220507.shtml
北京2022年有招生资格高中全名单！五类学校404所,发布时间：2022-05-06 08:41:41,来源：教育,https://edu.cctv.com/2022/05/06/ARTIAxuh09fs9OLnhlIcVJ3G220506.shtml
“90后”大学生在数字经济大潮中“破浪前行”,发布时间：2022-05-05 08:05:06,来源：教育,https://edu.cctv.com/2022/05/05/ARTIPWuchfHOKzsxmXnMolL9220505.shtml
一本书买了不读，有“罪”吗？,发布时间：2022-04-29 12:58:38,来源：光华锐评频道,https://ghrp.cctv.com/2022/04/29/ARTIk6JchDyt6iCQ6IpfkhRW220429.shtml
规模上升、乱象滋生 青少年体育教育培训待破题,发布时间：2022-04-21 13:57:21,来源：教育,https://edu.cctv.com/2022/04/21/ARTIeD7BSgRYDk2jJrgXUWZr220421.shtml
违反防疫规定违规进入校园 安徽合肥多人被行政处罚,发布时间：2022-04-16 09:36:40,来源：新闻,https://news.cctv.com/2022/04/16/ARTINLOtGHXCA18qkctgtaFa220416.shtml
【8点见】东航空难搜救发现部分飞机残骸和人体组织碎片,发布时间：2022-03-24 08:00:32,来源：新闻,https://news.cctv.com/2022/03/24/ARTIKeWUhqbyBbvlEJ3N5ePW220324.shtml
北京市场监管总局去年处罚15家培训机构,发布时间：2022-03-01 09:36:37,来源：教育,https://edu.cctv.com/2022/03/01/ARTIPZisH7lhv0k39azPHjXv220301.shtml
市场监管总局2021年对15家校外培训机构罚款3650万元,发布时间：2022-02-28 12:23:32,来源：新闻,https://news.cctv.com/2022/02/28/ARTI2ZMISpXb3PObg0cxcbSR220228.shtml
建设有吸引力的国家知识资源数据库,发布时间：2022-02-14 13:48:26,来源：数智频道,https://5gai.cctv.com/2022/02/14/ARTIysXDHBLcyBt5sgcv0enL220214.shtml
【8点见】机务遭碾压致死，青岛航空通报来了,发布时间：2022-01-27 08:00:17,来源：新闻,https://news.cctv.com/2022/01/27/ARTIJ0DvOgfBMgNAAhUwM19J220127.shtml
"国家图书馆：从未收到任何机构和个人捐赠的“<font color=""red"">新东方</font>精品课程”资源",发布时间：2022-01-26 12:15:50,来源：新闻,https://news.cctv.com/2022/01/26/ARTIrg7uhRGDc0rHOxgt1SOX220126.shtml
多地公布政府指导价 学科类教培机构很快“持证上岗”？,发布时间：2022-01-10 08:25:51,来源：教育,https://edu.cctv.com/2022/01/10/ARTIf0NdHAYJz1kyoedFNF17220110.shtml
多地公布政府指导价 学科类教培机构很快“持证上岗”？,发布时间：2022-01-08 06:41:53,来源：新闻,https://news.cctv.com/2022/01/08/ARTIHlVeF1APeiGjmofWq7TW220108.shtml
“营转非”大限已至 教培行业的老师们都去哪了？,发布时间：2022-01-04 08:34:06,来源：教育,https://edu.cctv.com/2022/01/04/ARTI1odm0CEFNatoJPfgX9No220104.shtml
“海归”还是“海待”：今天，我们该如何看待出国留学,发布时间：2022-01-04 08:24:15,来源：教育,https://edu.cctv.com/2022/01/04/ARTIBiKf3rmPsiMUWxglsh4K220104.shtml
“海归”还是“海待”：今天，我们该如何看待出国留学,发布时间：2022-01-04 07:15:30,来源：新闻,https://news.cctv.com/2022/01/04/ARTIxyCTqFNewDUd7nzWvyTt220104.shtml
“营转非”大限已至 教培行业的老师们都去哪了？,发布时间：2022-01-04 06:04:24,来源：新闻,https://news.cctv.com/2022/01/04/ARTIXgE8SaWGqRYMfPpZ8GnM220104.shtml
基金经理因能力不佳被调岗做保安？业内人士：未见相关公告发布 可能是恶搞,发布时间：2021-12-29 03:04:22,来源：经济,https://jingji.cctv.com/2021/12/29/ARTIsYpUE9Fu4YnjGaO5UoHQ211229.shtml
“双减”百余日，这些变化正在海南发生,发布时间：2021-12-25 10:36:47,来源：新闻,https://news.cctv.com/2021/12/25/ARTI5Y61RK2dfLwN7v88FfwK211225.shtml
浙江绍兴市上虞区5地调整为高风险地区,发布时间：2021-12-15 15:58:39,来源：新闻,https://news.cctv.com/2021/12/15/ARTICUEnLmTbgOwq5u25MsoY211215.shtml
中央网信办违法和不良信息举报中心组织第八批450家网站平台向社会统一公布举报受理方式,发布时间：2021-12-01 17:00:57,来源：新闻,https://news.cctv.com/2021/12/01/ARTIhnTAVe19t1hHto8tP1td211201.shtml
中央网信办：第八批450家网站平台公布举报受理方式,发布时间：2021-12-01 09:51:55,来源：新闻,https://news.cctv.com/2021/12/01/ARTIaHT1Nx70FO5GSLvLSNWH211201.shtml
中央网信办：第八批450家网站平台公布举报受理方式,发布时间：2021-12-01 09:45:23,来源：新闻,https://news.cctv.com/2021/12/01/ARTI5pPFZCcBGwfeNpjAqKeE211201.shtml
